Training profit,Training revenue,Benchmark profit,Benchmark revenue
18256.42017534993,22254.309758683255,27992.158876809568,32252.874626809564
